residue	model_free_name_1	model_free_name_2	covariance
2	Theta	Theta	1.0000
2	Theta	S2s	0.0000
2	Theta	te	0.0000
2	S2s	S2s	1.0000
2	S2s	te	-0.0751
2	te	te	1.0000
3	Theta	Theta	1.0000
3	Theta	S2s	0.0000
3	S2s	S2s	1.0000
4	Theta	Theta	1.0000
4	Theta	S2s	0.0000
4	S2s	S2s	1.0000
5	Theta	Theta	1.0000
5	Theta	S2s	0.0000
5	S2s	S2s	1.0000
6	Theta	Theta	1.0000
6	Theta	S2s	0.0000
6	S2s	S2s	1.0000
7	Theta	Theta	1.0000
7	Theta	S2s	0.0000
7	Theta	te	0.0000
7	S2s	S2s	1.0000
7	S2s	te	-0.2247
7	te	te	1.0000
8	Theta	Theta	1.0000
8	Theta	S2s	0.0000
8	Theta	te	0.0000
8	S2s	S2s	1.0000
8	S2s	te	0.7316
8	te	te	1.0000
9	Theta	Theta	1.0000
9	Theta	S2s	0.0000
9	Theta	te	0.0000
9	S2s	S2s	1.0000
9	S2s	te	0.6925
9	te	te	1.0000
10	Theta	Theta	1.0000
10	Theta	S2s	0.0000
10	Theta	te	0.0000
10	S2s	S2s	1.0000
10	S2s	te	0.5564
10	te	te	1.0000
11	Theta	Theta	1.0000
11	Theta	S2s	0.0000
11	Theta	te	0.0000
11	S2s	S2s	1.0000
11	S2s	te	-0.2858
11	te	te	1.0000
12	Theta	Theta	1.0000
12	Theta	S2s	0.0000
12	Theta	te	0.0000
12	S2s	S2s	1.0000
12	S2s	te	0.6558
12	te	te	1.0000
13	Theta	Theta	1.0000
13	Theta	S2s	0.0000
13	S2s	S2s	1.0000
14	Theta	Theta	1.0000
14	Theta	S2s	0.0000
14	S2s	S2s	1.0000
15	Theta	Theta	1.0000
15	Theta	S2s	0.0000
15	Theta	te	0.0000
15	S2s	S2s	1.0000
15	S2s	te	0.3058
15	te	te	1.0000
16	Theta	Theta	1.0000
16	Theta	S2s	0.0000
16	S2s	S2s	1.0000
17	Theta	Theta	1.0000
17	Theta	S2s	0.0000
17	S2s	S2s	1.0000
18	Theta	Theta	1.0000
18	Theta	S2s	0.0000
18	S2s	S2s	1.0000
20	Theta	Theta	1.0000
20	Theta	S2s	0.0000
20	Theta	te	0.0000
20	S2s	S2s	1.0000
20	S2s	te	-0.3032
20	te	te	1.0000
21	Theta	Theta	1.0000
21	Theta	S2s	0.0000
21	S2s	S2s	1.0000
22	Theta	Theta	1.0000
22	Theta	S2f	0.0000
22	Theta	S2s	0.0000
22	Theta	te	0.0000
22	S2f	S2f	1.0000
22	S2f	S2s	0.0261
22	S2f	te	-0.5242
22	S2s	S2s	1.0000
22	S2s	te	-0.6982
22	te	te	1.0000
23	Theta	Theta	1.0000
23	Theta	S2s	0.0000
23	Theta	Rex	0.0000
23	S2s	S2s	1.0000
23	S2s	Rex	-0.3824
23	Rex	Rex	1.0000
25	Theta	Theta	1.0000
25	Theta	S2s	0.0000
25	Theta	te	0.0000
25	Theta	Rex	0.0000
25	S2s	S2s	1.0000
25	S2s	te	-0.2226
25	S2s	Rex	-0.1515
25	te	te	1.0000
25	te	Rex	-0.0272
25	Rex	Rex	1.0000
26	Theta	Theta	1.0000
26	Theta	S2s	0.0000
26	S2s	S2s	1.0000
27	Theta	Theta	1.0000
27	Theta	S2s	0.0000
27	S2s	S2s	1.0000
28	Theta	Theta	1.0000
28	Theta	S2s	0.0000
28	S2s	S2s	1.0000
29	Theta	Theta	1.0000
29	Theta	S2s	0.0000
29	S2s	S2s	1.0000
30	Theta	Theta	1.0000
30	Theta	S2s	0.0000
30	S2s	S2s	1.0000
31	Theta	Theta	1.0000
31	Theta	S2f	0.0000
31	Theta	S2s	0.0000
31	Theta	te	0.0000
31	S2f	S2f	1.0000
31	S2f	S2s	0.6723
31	S2f	te	-0.8715
31	S2s	S2s	1.0000
31	S2s	te	-0.8812
31	te	te	1.0000
32	Theta	Theta	1.0000
32	Theta	S2s	0.0000
32	S2s	S2s	1.0000
33	Theta	Theta	1.0000
33	Theta	S2s	0.0000
33	Theta	te	0.0000
33	S2s	S2s	1.0000
33	S2s	te	0.3009
33	te	te	1.0000
34	Theta	Theta	1.0000
34	Theta	S2s	0.0000
34	Theta	te	0.0000
34	S2s	S2s	1.0000
34	S2s	te	-0.1882
34	te	te	1.0000
35	Theta	Theta	1.0000
35	Theta	S2s	0.0000
35	Theta	Rex	0.0000
35	S2s	S2s	1.0000
35	S2s	Rex	-0.7133
35	Rex	Rex	1.0000
36	Theta	Theta	1.0000
36	Theta	S2s	0.0000
36	S2s	S2s	1.0000
39	Theta	Theta	1.0000
39	Theta	S2s	0.0000
39	S2s	S2s	1.0000
40	Theta	Theta	1.0000
40	Theta	S2s	0.0000
40	Theta	te	0.0000
40	S2s	S2s	1.0000
40	S2s	te	0.9209
40	te	te	1.0000
41	Theta	Theta	1.0000
41	Theta	S2s	0.0000
41	S2s	S2s	1.0000
42	Theta	Theta	1.0000
42	Theta	S2s	0.0000
42	Theta	te	0.0000
42	S2s	S2s	1.0000
42	S2s	te	0.2564
42	te	te	1.0000
43	Theta	Theta	1.0000
43	Theta	S2s	0.0000
43	S2s	S2s	1.0000
44	Theta	Theta	1.0000
44	Theta	S2s	0.0000
44	Theta	te	0.0000
44	S2s	S2s	1.0000
44	S2s	te	-0.1096
44	te	te	1.0000
45	Theta	Theta	1.0000
45	Theta	S2s	0.0000
45	S2s	S2s	1.0000
46	Theta	Theta	1.0000
46	Theta	S2s	0.0000
46	Theta	te	0.0000
46	S2s	S2s	1.0000
46	S2s	te	-0.3437
46	te	te	1.0000
47	Theta	Theta	1.0000
47	Theta	S2s	0.0000
47	S2s	S2s	1.0000
48	Theta	Theta	1.0000
48	Theta	S2s	0.0000
48	S2s	S2s	1.0000
49	Theta	Theta	1.0000
49	Theta	S2s	0.0000
49	Theta	te	0.0000
49	S2s	S2s	1.0000
49	S2s	te	-0.1674
49	te	te	1.0000
50	Theta	Theta	1.0000
50	Theta	S2s	0.0000
50	Theta	te	0.0000
50	S2s	S2s	1.0000
50	S2s	te	-0.4612
50	te	te	1.0000
51	Theta	Theta	1.0000
51	Theta	S2s	0.0000
51	S2s	S2s	1.0000
52	Theta	Theta	1.0000
52	Theta	S2s	0.0000
52	Theta	te	0.0000
52	Theta	Rex	0.0000
52	S2s	S2s	1.0000
52	S2s	te	0.0420
52	S2s	Rex	-0.5372
52	te	te	1.0000
52	te	Rex	-0.0100
52	Rex	Rex	1.0000
54	Theta	Theta	1.0000
54	Theta	S2s	0.0000
54	S2s	S2s	1.0000
55	Theta	Theta	1.0000
55	Theta	S2s	0.0000
55	S2s	S2s	1.0000
57	Theta	Theta	1.0000
57	Theta	S2s	0.0000
57	S2s	S2s	1.0000
58	Theta	Theta	1.0000
58	Theta	S2s	0.0000
58	S2s	S2s	1.0000
59	Theta	Theta	1.0000
59	Theta	S2s	0.0000
59	S2s	S2s	1.0000
60	Theta	Theta	1.0000
60	Theta	S2s	0.0000
60	Theta	te	0.0000
60	S2s	S2s	1.0000
60	S2s	te	-0.2373
60	te	te	1.0000
61	Theta	Theta	1.0000
61	Theta	S2s	0.0000
61	S2s	S2s	1.0000
62	Theta	Theta	1.0000
62	Theta	S2f	0.0000
62	Theta	S2s	0.0000
62	Theta	te	0.0000
62	S2f	S2f	1.0000
62	S2f	S2s	-0.2861
62	S2f	te	-0.1449
62	S2s	S2s	1.0000
62	S2s	te	-0.7954
62	te	te	1.0000
63	Theta	Theta	1.0000
63	Theta	S2s	0.0000
63	S2s	S2s	1.0000
64	Theta	Theta	1.0000
64	Theta	S2s	0.0000
64	S2s	S2s	1.0000
65	Theta	Theta	1.0000
65	Theta	S2s	0.0000
65	S2s	S2s	1.0000
66	Theta	Theta	1.0000
66	Theta	S2s	0.0000
66	S2s	S2s	1.0000
67	Theta	Theta	1.0000
67	Theta	S2s	0.0000
67	S2s	S2s	1.0000
68	Theta	Theta	1.0000
68	Theta	S2s	0.0000
68	S2s	S2s	1.0000
69	Theta	Theta	1.0000
69	Theta	S2s	0.0000
69	S2s	S2s	1.0000
70	Theta	Theta	1.0000
70	Theta	S2s	0.0000
70	S2s	S2s	1.0000
71	Theta	Theta	1.0000
71	Theta	S2s	0.0000
71	Theta	te	0.0000
71	S2s	S2s	1.0000
71	S2s	te	-0.0413
71	te	te	1.0000
72	Theta	Theta	1.0000
72	Theta	S2s	0.0000
72	S2s	S2s	1.0000
